Entity,Annual CO₂ emissions (per capita),Population,Continent,Total CO2
Afghanistan,0.30631703,40000411,Asia,12252807.09629933
Albania,1.7177409,2849643,Europe,4894948.331498699
Algeria,4.079527,44761101,Africa,182604120.079227
Andorra,4.5922055,78375,Europe,359914.10606250004
Angola,0.50735646,34532427,Africa,17520249.91792842
Anguilla,8.726662,14503,North America,126562.77898599999
Antigua and Barbuda,6.400294,92358,North America,591118.353252
Argentina,4.1907597,45312283,South America,189892889.5113951
Armenia,2.53107,2870339,Asia,7265028.9327300005
Aruba,8.052776,107565,North America,866196.85044
Australia,14.914762,25956416,Oceania,387133767.01299196
Austria,7.3994617,8967053,Europe,66351365.2353701
Azerbaijan,3.7170222,10234373,Asia,38041391.6440806
Bahamas,5.149713,396381,North America,2041248.3886530001
Bahrain,26.052996,1501762,Asia,39125399.378952004
Bangladesh,0.5831512,167658855,Asia,97770462.48387599
Barbados,4.361222,282156,North America,1230544.9546319998
Belarus,6.362195,9251367,Europe,58859000.870565
Belgium,8.23914,11570842,Europe,95333787.15588
Belize,1.7549852,395356,North America,693843.9287311999
Benin,0.6395752,13413423,Africa,8578892.697909601
Bermuda,6.873079,64672,North America,444495.765088
Bhutan,1.3661479,775451,Asia,1059380.7552029002
Bolivia,1.7985878,11937369,South America,21470406.2474982
Bonaire Sint Eustatius and Saba,4.0947623,27346,North America,111975.3698558
Bosnia and Herzegovina,6.0954695,3244909,Europe,19779243.8397755
Botswana,2.3707244,2401449,Africa,5693173.7396556
Brazil,2.3198576,209550291,South America,486126835.15856165
British Virgin Islands,4.9880238,37833,North America,188711.9044254
Brunei,25.375603,451723,Asia,11462743.513969
Bulgaria,6.140389,6877222,Europe,42228818.319358
Burkina Faso,0.2659974,21995249,Africa,5850679.0463526
Burundi,0.06373885,12965487,Africa,826405.23106995
Cambodia,1.2134761,16974308,Asia,20597917.0720388
Cameroon,0.37861246,26915764,Africa,10190643.62081944
Canada,14.078721,38454058,North America,541383953.899818
Cape Verde,0.9505422,516655,Africa,491102.380341
Central African Republic,0.04567115,5112102,Africa,233475.5772573
Chad,0.14357351,17828274,Africa,2559667.8754217396
Chile,4.5675793,19456323,South America,88868298.18891391
China,7.9502664,1426437276,Asia,11340556347.090326
Colombia,1.8589207,51188174,South America,95154756.2438018
Comoros,0.5052505,818178,Africa,413384.84358900005
Congo,1.2433366,5892186,Africa,7325970.507807599
Cook Islands,4.0415196,15204,Oceania,61447.2639984
Costa Rica,1.4853407,5059992,North America,7515812.059274401
Cote d'Ivoire,0.42686108,29639735,Africa,12652049.2930138
Croatia,4.288185,3924607,Europe,16829440.868295003
Cuba,1.8603169,11122169,North America,20690758.9553561
Curacao,9.144556,185324,North America,1694705.696144
Cyprus,5.6497326,1317312,Asia,7442460.5507712
Czechia,9.196797,10530683,Europe,96848553.822351
Democratic Republic of Congo,0.041094083,99148931,Africa,4074434.3998752735
Denmark,5.057577,5856773,Europe,29621080.419021003
Djibouti,0.41140705,1121251,Africa,461290.56621955
Dominica,2.0959618,67223,North America,140896.8400814
Dominican Republic,2.1393347,11123480,North America,23796846.748756
East Timor,0.5024414,1350142,Asia,678367.2366788001
Ecuador,2.2324002,17682454,South America,39474313.84609079
Egypt,2.2595594,110957004,Africa,250713941.3840376
El Salvador,1.1858464,6255781,North America,7418395.3780384
Equatorial Guinea,3.444009,1758796,Africa,6057309.253164
Eritrea,0.1934708,3350184,Africa,648162.7786272
Estonia,7.8421664,1331750,Europe,10443805.1032
Eswatini,0.9489723,1206599,Africa,1145029.0282077
Ethiopia,0.15729143,122138590,Africa,19211353.4792837
Faroe Islands,13.923651,53324,Europe,742464.765924
Fiji,1.1742574,916717,Oceania,1076461.7209557998
Finland,6.8546104,5541068,Europe,37981862.3399072
France,4.7538953,66083547,Europe,314154263.4906291
French Polynesia,2.9048145,279807,Oceania,812787.4308015
Gabon,2.5117075,2376728,Africa,5969645.54306
Gambia,0.2867638,2576014,Africa,738707.5634932
Georgia,2.942033,3788450,Asia,11145744.91885
Germany,8.138241,83697082,Europe,681147024.312762
Ghana,0.63856685,32518662,Africa,20765339.5595547
Greece,5.510225,10579561,Europe,58295761.511225
Greenland,10.072068,56065,North America,564690.49242
Grenada,2.6466973,116695,North America,308856.3414235
Guatemala,1.117814,17598654,North America,19672021.822356
Guinea,0.35968435,13710516,Africa,4931458.0356246
Guinea-Bissau,0.15579237,2058842,Africa,320751.87463554
Guyana,4.4295645,815484,South America,3612238.9767179997
Haiti,0.2118702,11374592,North America,2409937.0819584
Honduras,1.0541441,10289882,North America,10847018.3999962
Hong Kong,4.3732305,7484604,Asia,32731898.493222002
Hungary,5.0015383,9707848,Europe,48554173.5825784
Iceland,9.477966,372649,Europe,3531954.551934
India,1.8998938,1414203889,Asia,2686837200.6469884
Indonesia,2.2499223,276758056,Asia,622684121.8990488
Iran,7.825858,88455491,Asia,692240111.886278
Iraq,3.8725574,43071210,Asia,166795733.012454
Ireland,7.5297494,5028430,Europe,37862817.775442
Israel,6.162786,8942925,Asia,55113332.98904999
Italy,5.692572,59729354,Europe,340013648.15848804
Jamaica,2.337014,2837682,North America,6631702.561548
Japan,8.523455,125679341,Asia,1071222207.443155
Jordan,2.0332546,11066358,Asia,22500723.308746796
Kazakhstan,13.29114,19743607,Asia,262415044.74198002
Kenya,0.46141472,53219165,Africa,24556106.1171088
Kiribati,0.53396493,128386,Oceania,68553.62150298001
Kosovo,4.866548,1741449,Europe,8474845.148052
Kuwait,24.301199,4360749,Asia,105971429.238051
Kyrgyzstan,1.4451864,6820483,Asia,9856869.273031201
Laos,3.1470437,7453191,Asia,23455517.781446703
Latvia,3.863811,1885592,Europe,7285571.111112
Lebanon,4.1969266,5718127,Asia,23998559.308478203
Lesotho,1.0872496,2261549,Africa,2458868.2456304003
Liberia,0.16660595,5259326,Africa,876235.0045897
Libya,9.491187,7135180,Africa,67721327.65866
Liechtenstein,3.7350607,39062,Europe,145898.9410634
Lithuania,4.962828,2794489,Europe,13868568.254892
Luxembourg,13.18523,640276,Europe,8442186.32348
Macao,1.5566095,694404,Asia,1080915.863238
Madagascar,0.1475559,29691087,Africa,4381095.0642633
Malawi,0.104497075,20047263,Africa,2094880.3452557249
Malaysia,8.3059,34282405,Asia,284746227.6895
Maldives,3.2992737,516162,Asia,1702959.7115394
Mali,0.31628212,22388638,Africa,7081125.89055256
Malta,3.050259,524383,Europe,1599503.965197
Marshall Islands,3.6348102,41386,Oceania,150430.2549372
Mauritania,0.96533614,4734875,Africa,4570745.9558825
Mauritius,3.1494038,1279627,Africa,4030062.1363826
Mexico,3.6998608,127648152,North America,472280393.77724165
Micronesia (country),1.3516612,111636,Oceania,150894.04972319998
Moldova,1.8281678,3023780,Europe,5527977.230284
Mongolia,11.4274645,3339678,Asia,38164051.786431
Montenegro,3.670829,603854,Europe,2216644.774966
Montserrat,4.773321,4505,North America,21503.811105
Morocco,1.9592135,36954442,Africa,72401641.651367
Mozambique,0.22415766,31707797,Africa,7107545.57927502
Myanmar,0.6620929,53387102,Asia,35347221.1857758
Namibia,1.4751465,2810553,Africa,4145977.4210145
Nauru,4.270805,11726,Oceania,50079.45943
Nepal,0.52033556,29475018,Asia,15336899.997040082
Netherlands,7.993908,17730564,Europe,141736497.404112
New Caledonia,15.763163,285226,Oceania,4496063.929838
New Zealand,6.6900215,5107696,Oceania,34170596.055464
Nicaragua,0.7859384,6644745,North America,5222360.253708
Niger,0.120342515,24502144,Africa,2948649.6318521597
Nigeria,0.6143976,218529285,Africa,134263868.233716
Niue,3.9075115,1836,Oceania,7174.191114
North Korea,1.9766082,26232531,Asia,51851435.8813542
North Macedonia,3.6555693,1851109,Europe,6766857.231353699
Norway,7.5935297,5408081,Europe,41066423.693505704
Oman,15.677213,4500427,Asia,70554152.669951
Pakistan,0.96563566,239477805,Asia,231248308.2865263
Palau,12.285263,17809,Oceania,218788.248767
Palestine,0.66772425,5185341,Asia,3462377.9302192503
Panama,2.6906164,4345410,North America,11691831.410724001
Papua New Guinea,0.7986589,10012899,Oceania,7996890.901151099
Paraguay,1.3819655,6684184,South America,9237311.683652
Peru,1.6749027,33155883,South America,55532877.957584105
Philippines,1.253542,113100946,Asia,141776786.050732
Poland,8.64257,38040304,Europe,328765990.14128
Portugal,3.8812351,10390956,Europe,40329743.1497556
Qatar,39.884155,2814989,Asia,112273457.599295
Romania,3.9936028,19248159,Europe,76869501.6772452
Russia,11.79849,145836172,Asia,1720646616.98028
Rwanda,0.11539575,13355260,Africa,1541140.2441450001
Saint Helena,3.252395,5415,Africa,17611.718925
Saint Kitts and Nevis,4.669984,46786,North America,218489.871424
Saint Lucia,2.5940566,178540,North America,463142.865364
Saint Pierre and Miquelon,10.164606,5802,North America,58975.044012
Saint Vincent and the Grenadines,2.2671938,102848,North America,233176.34794239997
Samoa,1.153368,213792,Oceania,246580.85145599997
Sao Tome and Principe,0.6530446,221975,Africa,144959.575085
Saudi Arabia,17.564127,31328374,Asia,550255539.639498
Senegal,0.6837955,17220866,Africa,11775550.676903
Serbia,6.0171556,6835434,Europe,41129869.9715304
Seychelles,6.2225175,123000,Africa,765369.6525000001
Sierra Leone,0.13179387,8094603,Africa,1066819.0554836101
Singapore,9.397426,5546292,Asia,52120868.644392
Sint Maarten (Dutch part),14.263612,41590,North America,593223.62308
Slovakia,6.4554424,5442767,Europe,35135468.8651208
Slovenia,6.162082,2113495,Europe,13023529.49659
Solomon Islands,0.42669472,762594,Oceania,325394.83330368
Somalia,0.03812561,17271435,Africa,658483.9949503499
South Africa,7.1663837,61502601,Africa,440751237.3140037
South Korea,11.886425,51848401,Asia,616292129.8564249
South Sudan,0.17157483,10865786,Africa,1864295.3857663802
Spain,4.849112,47735670,Europe,231475610.22504
Sri Lanka,0.92399746,22700377,Asia,20975090.689042423
Sudan,0.48590592,48066927,Africa,23356004.38550784
Suriname,6.0075874,617905,South America,3712118.2923970004
Sweden,3.6805615,10416136,Europe,38337229.140364
Switzerland,4.117553,8707018,Europe,35851608.086954
Syria,1.2763344,21628840,Asia,27605632.524096
Taiwan,12.204635,23558330,Asia,287520818.85955
Tajikistan,1.0236204,9966912,Asia,10202334.4482048
Tanzania,0.24245292,62830413,Africa,15233417.09665596
Thailand,3.7320516,71727340,Asia,267690134.010744
Togo,0.29565188,8878384,Africa,2624910.9209619197
Tonga,1.8028463,105504,Oceania,190207.4960352
Trinidad and Tobago,23.289734,1487715,North America,34648486.617809996
Tunisia,2.8740463,12048625,Africa,34628306.1013375
Turkey,5.340025,86686255,Asia,462906768.856375
Turkmenistan,11.033806,7092041,Asia,78252204.538046
Turks and Caicos Islands,7.665116,45260,North America,346923.15016
Tuvalu,1.0214623,10214,Oceania,10433.2159322
Uganda,0.13200122,45910932,Africa,6060299.03533704
Ukraine,4.8276234,44298641,Europe,213857155.8797994
United Arab Emirates,25.333178,9789054,Asia,247987847.433612
United Kingdom,5.164383,67668789,Europe,349467543.542187
United States,14.9324875,340161441,North America,5079456465.714488
Uruguay,2.364734,3396692,South America,8032273.059928
Uzbekistan,3.4149938,34243696,Asia,116942009.5290848
Vanuatu,0.6588834,305883,Oceania,201541.2310422
Venezuela,2.5394876,28237831,South America,71709621.67539561
Vietnam,3.6171148,98935101,Asia,357859618.0665948
Wallis and Futuna,2.2964647,11590,Oceania,26616.025873
Yemen,0.3513444,37140233,Asia,13049012.8792452
Zambia,0.44487745,19603610,Africa,8721204.0275945
Zimbabwe,0.5249723,15797220,Africa,8293102.917005999
